{
  "states": [
    "explorer",
    "connector",
    "restorer",
    "achiever",
    "guardian"
  ],
  "emissions": [
    "img_wilderness",
    "img_popular",
    "img_group",
    "img_solo",
    "img_mountain",
    "img_village",
    "img_eco",
    "img_luxury",
    "img_adventure",
    "img_cultural",
    "img_nature",
    "img_urban",
    "audio_forest_high",
    "audio_forest_low",
    "audio_festival_high",
    "audio_festival_low",
    "audio_wind_high",
    "audio_wind_low",
    "scroll_skip",
    "scroll_read",
    "scroll_deep",
    "emoji_explore",
    "emoji_connect",
    "emoji_calm",
    "emoji_challenge",
    "emoji_impact",
    "budget_low",
    "budget_mid",
    "budget_high"
  ],
  "A": [
    [
      0.5,
      0.1,
      0.15,
      0.15,
      0.1
    ],
    [
      0.1,
      0.5,
      0.15,
      0.1,
      0.15
    ],
    [
      0.12,
      0.13,
      0.5,
      0.1,
      0.15
    ],
    [
      0.15,
      0.1,
      0.1,
      0.5,
      0.15
    ],
    [
      0.1,
      0.15,
      0.15,
      0.1,
      0.5
    ]
  ],
  "B": [
    [
      0.108108,
      0.009009,
      0.018018,
      0.072072,
      0.09009,
      0.018018,
      0.027027,
      0.009009,
      0.09009,
      0.018018,
      0.054054,
      0.009009,
      0.018018,
      0.054054,
      0.009009,
      0.027027,
      0.072072,
      0.018018,
      0.009009,
      0.036036,
      0.063063,
      0.072072,
      0.009009,
      0.009009,
      0.027027,
      0.009009,
      0.018018,
      0.018018,
      0.009009
    ],
    [
      0.009524,
      0.028571,
      0.114286,
      0.009524,
      0.019048,
      0.07619,
      0.028571,
      0.019048,
      0.019048,
      0.095238,
      0.019048,
      0.028571,
      0.009524,
      0.019048,
      0.095238,
      0.019048,
      0.009524,
      0.028571,
      0.009524,
      0.057143,
      0.047619,
      0.009524,
      0.095238,
      0.019048,
      0.009524,
      0.028571,
      0.009524,
      0.038095,
      0.028571
    ],
    [
      0.029412,
      0.009804,
      0.009804,
      0.078431,
      0.029412,
      0.029412,
      0.039216,
      0.009804,
      0.009804,
      0.019608,
      0.117647,
      0.009804,
      0.098039,
      0.019608,
      0.009804,
      0.029412,
      0.058824,
      0.04902,
      0.009804,
      0.039216,
      0.098039,
      0.019608,
      0.009804,
      0.078431,
      0.009804,
      0.019608,
      0.019608,
      0.029412,
      0.009804
    ],
    [
      0.060606,
      0.020202,
      0.020202,
      0.020202,
      0.121212,
      0.010101,
      0.020202,
      0.030303,
      0.10101,
      0.010101,
      0.020202,
      0.020202,
      0.010101,
      0.030303,
      0.010101,
      0.020202,
      0.080808,
      0.030303,
      0.080808,
      0.020202,
      0.010101,
      0.030303,
      0.010101,
      0.010101,
      0.10101,
      0.020202,
      0.010101,
      0.020202,
      0.050505
    ],
    [
      0.02,
      0.02,
      0.04,
      0.02,
      0.02,
      0.06,
      0.12,
      0.01,
      0.02,
      0.06,
      0.04,
      0.01,
      0.02,
      0.03,
      0.03,
      0.02,
      0.02,
      0.04,
      0.01,
      0.04,
      0.04,
      0.01,
      0.04,
      0.03,
      0.02,
      0.1,
      0.02,
      0.03,
      0.06
    ]
  ],
  "pi": [
    0.2,
    0.2,
    0.2,
    0.2,
    0.2
  ]
}