{
  "states": [
    "explorer",
    "connector",
    "restorer",
    "achiever",
    "guardian"
  ],
  "emissions": [
    "img_wilderness",
    "img_popular",
    "img_group",
    "img_solo",
    "img_mountain",
    "img_village",
    "img_eco",
    "img_luxury",
    "img_adventure",
    "img_cultural",
    "img_nature",
    "img_urban",
    "audio_forest_high",
    "audio_forest_low",
    "audio_festival_high",
    "audio_festival_low",
    "audio_wind_high",
    "audio_wind_low",
    "scroll_skip",
    "scroll_read",
    "scroll_deep",
    "emoji_explore",
    "emoji_connect",
    "emoji_calm",
    "emoji_challenge",
    "emoji_impact",
    "budget_low",
    "budget_mid",
    "budget_high"
  ],
  "A": [
    [
      0.5,
      0.1,
      0.15,
      0.15,
      0.1
    ],
    [
      0.1,
      0.5,
      0.15,
      0.1,
      0.15
    ],
    [
      0.12,
      0.13,
      0.5,
      0.1,
      0.15
    ],
    [
      0.15,
      0.1,
      0.1,
      0.5,
      0.15
    ],
    [
      0.1,
      0.15,
      0.15,
      0.1,
      0.5
    ]
  ],
  "B": [
    [
      0.20408163265306123,
      0.01020408163265306,
      0.01020408163265306,
      0.04081632653061224,
      0.02040816326530612,
      0.02040816326530612,
      0.02040816326530612,
      0.01020408163265306,
      0.04081632653061224,
      0.02040816326530612,
      0.04081632653061224,
      0.01020408163265306,
      0.04081632653061224,
      0.02040816326530612,
      0.01020408163265306,
      0.01020408163265306,
      0.030612244897959183,
      0.02040816326530612,
      0.01020408163265306,
      0.030612244897959183,
      0.061224489795918366,
      0.20408163265306123,
      0.01020408163265306,
      0.02040816326530612,
      0.01020408163265306,
      0.01020408163265306,
      0.030612244897959183,
      0.02040816326530612,
      0.01020408163265306
    ],
    [
      0.008064516129032258,
      0.024193548387096774,
      0.16129032258064516,
      0.008064516129032258,
      0.008064516129032258,
      0.056451612903225805,
      0.024193548387096774,
      0.016129032258064516,
      0.008064516129032258,
      0.06451612903225806,
      0.008064516129032258,
      0.024193548387096774,
      0.008064516129032258,
      0.016129032258064516,
      0.16129032258064516,
      0.016129032258064516,
      0.008064516129032258,
      0.024193548387096774,
      0.008064516129032258,
      0.04032258064516129,
      0.024193548387096774,
      0.008064516129032258,
      0.16129032258064516,
      0.016129032258064516,
      0.008064516129032258,
      0.024193548387096774,
      0.008064516129032258,
      0.03225806451612903,
      0.024193548387096774
    ],
    [
      0.024793388429752067,
      0.008264462809917356,
      0.008264462809917356,
      0.049586776859504134,
      0.01652892561983471,
      0.024793388429752067,
      0.024793388429752067,
      0.008264462809917356,
      0.008264462809917356,
      0.01652892561983471,
      0.1652892561983471,
      0.008264462809917356,
      0.1652892561983471,
      0.01652892561983471,
      0.008264462809917356,
      0.024793388429752067,
      0.01652892561983471,
      0.03305785123966942,
      0.008264462809917356,
      0.03305785123966942,
      0.06611570247933884,
      0.01652892561983471,
      0.008264462809917356,
      0.1652892561983471,
      0.008264462809917356,
      0.01652892561983471,
      0.01652892561983471,
      0.024793388429752067,
      0.008264462809917356
    ],
    [
      0.016666666666666666,
      0.016666666666666666,
      0.008333333333333333,
      0.008333333333333333,
      0.16666666666666666,
      0.008333333333333333,
      0.008333333333333333,
      0.025,
      0.08333333333333333,
      0.008333333333333333,
      0.016666666666666666,
      0.016666666666666666,
      0.008333333333333333,
      0.016666666666666666,
      0.008333333333333333,
      0.016666666666666666,
      0.06666666666666667,
      0.025,
      0.16666666666666666,
      0.016666666666666666,
      0.008333333333333333,
      0.016666666666666666,
      0.008333333333333333,
      0.008333333333333333,
      0.16666666666666666,
      0.008333333333333333,
      0.008333333333333333,
      0.016666666666666666,
      0.05
    ],
    [
      0.017391304347826087,
      0.017391304347826087,
      0.034782608695652174,
      0.017391304347826087,
      0.008695652173913044,
      0.05217391304347826,
      0.17391304347826086,
      0.008695652173913044,
      0.008695652173913044,
      0.05217391304347826,
      0.02608695652173913,
      0.008695652173913044,
      0.017391304347826087,
      0.02608695652173913,
      0.02608695652173913,
      0.017391304347826087,
      0.008695652173913044,
      0.02608695652173913,
      0.008695652173913044,
      0.034782608695652174,
      0.02608695652173913,
      0.008695652173913044,
      0.034782608695652174,
      0.02608695652173913,
      0.008695652173913044,
      0.17391304347826086,
      0.017391304347826087,
      0.02608695652173913,
      0.08695652173913043
    ]
  ],
  "pi": [
    0.2,
    0.2,
    0.2,
    0.2,
    0.2
  ]
}